{"stat.useItem.153":7,"stat.useItem.87":31,"stat.useItem.44":70,"stat.useItem.330":12,"stat.useItem.89":5,"stat.walkOneCm":244821,"stat.useItem.112":409,"stat.useItem.114":59,"achievement.openInventory":21,"stat.useItem.259":5,"stat.leaveGame":11,"stat.damageTaken":2220,"stat.useItem.49":11,"stat.useItem.76":4,"stat.flyOneCm":133820,"stat.useItem.77":2,"stat.useItem.121":2,"stat.deaths":1,"stat.drop":38,"stat.useItem.72":1,"stat.useItem.101":33,"stat.jump":151,"stat.useItem.324":39,"stat.useItem.323":2,"stat.playOneMinute":347079,"stat.useItem.3":12,"achievement.exploreAllBiomes":{"value":0,"progress":["Savanna","Hell"]}}